<?xml version="1.0" encoding="UTF-8" standalone="no"?>
<?xml-stylesheet type="text/css" href="Auta.css"?>
<!DOCTYPE carShowroom SYSTEM "auta.dtd">
<carShowroom>
    <brands>
    <brand id="landRover"> 
        <name>Land Rover</name>
        <country continent="Europe">UK</country>
        <headquarters>Coventry, UK</headquarters>
        <chairman>Ralf Speth</chairman>
    </brand>

    <brand id="jaguar"> 
        <name>Jaguar</name>
        <country continent="Europe">UK</country>
        <headquarters>Coventry, UK</headquarters>
        <chairman>Ralf Speth</chairman>
    </brand>

    <brand id="volkswagen"> 
        <name>Volkswagen</name>
        <country continent="Europe">Germany</country>
        <headquarters>Wolfsburg, Germany</headquarters>
        <chairman>Herbert Diess</chairman>
    </brand>

    <brand id="renault"> 
        <name>Renault</name>
        <country continent="Europe">France</country>
        <headquarters>Boulogne-Billancourt, France</headquarters>
        <chairman>Thierry Bolloré</chairman>
    </brand>
    
    <brand id="jeep"> 
        <name>Jeep</name>
        <country continent="North_America">U.S.</country>
        <headquarters>Toledo, Ohio, U.S.</headquarters>
        <chairman>Michael Manley</chairman>
    </brand>

    <brand id="subaru"> 
        <name>Subaru</name>
        <country continent="Asia">Japan</country>
        <headquarters> Shibuya, Tokio, Japan</headquarters>
        <chairman>Tomomi Nakamura</chairman>
    </brand>
    </brands>

    <cars>
    <car id="c1" brandId='landRover'>
        <model version="IV">Range Rover</model>
        <type doors="5" seats="5">SUV</type>
        <production start="2012">2013</production>
        <engine fuel="Diesel">
            <cylindersNumber>6</cylindersNumber>
            <capacity>3000</capacity>
            <power>258</power>
        </engine>
        <wheeldrive automatic="y">4x4</wheeldrive>
        <condition accidentfree="y" mileage="137000 km">used</condition>
        <lacquer>brown</lacquer>
        <price currency="$">50000</price>
    </car>

    <car id="c2" brandId='landRover'>
        <model version="III">Range Rover</model>
        <type doors="5" seats="5">SUV</type>
        <production start="2001" end="2012">2006</production>
        <engine>
            <cylindersNumber>6</cylindersNumber>
            <capacity>4200</capacity>
            <power>396</power>
        </engine>
        <wheeldrive automatic="y">4x4</wheeldrive>
        <condition accidentfree="n" mileage="130000 km">used</condition>
        <lacquer>black</lacquer>
        <price currency="$">13000</price>
    </car>

    <car id="c3" brandId='subaru'>
        <model version="GH">Impreza</model>
        <type doors="5" seats="5">hatchback</type>
        <production start="2007">2018</production>
        <engine fuel="Petrol">
            <cylindersNumber>6</cylindersNumber>
            <capacity>1995</capacity>
            <power>156</power>
        </engine>
        <wheeldrive automatic="n">4x4</wheeldrive>
        <condition accidentfree="y" mileage="10 km">new</condition>
        <lacquer>white</lacquer>
        <price currency="$">40000</price>
    </car>

    <car id="c4" brandId='landRover'>
        <model version="110">Defender</model>
        <type doors="5" seats="7">SUV</type>
        <production start="2007" end="2016">2011</production>
        <engine fuel="Diesel">
            <cylindersNumber>6</cylindersNumber>
            <capacity>2400</capacity>
            <power>122</power>
        </engine>
        <wheeldrive automatic="n">4x4</wheeldrive>
        <condition accidentfree="y" mileage="45000 km">new</condition>
        <lacquer>green</lacquer>
        <price currency="$">38000</price>
    </car>

    <car id="c5" brandId='jaguar'>
        <model>F-Type</model>
        <type doors="2" seats="2">coupe</type>
        <production start="2007">2017</production>
        <engine fuel="Petrol">
            <cylindersNumber>12</cylindersNumber>
            <capacity>5000</capacity>
            <power>575</power>
        </engine>
        <wheeldrive automatic="n">4x4</wheeldrive>
        <condition accidentfree="y" mileage="4511 km">used</condition>
        <lacquer>white</lacquer>
        <price currency="$">180000</price>
    </car>

    <car id="c6" brandId='subaru'>
        <model version="III">Outback</model>
        <type doors="5" seats="5">combi</type>
        <production start="2005" end="2009">2007</production>
        <engine fuel="Petrol">
            <cylindersNumber>4</cylindersNumber>
            <capacity>2500</capacity>
            <power>166</power>
        </engine>
        <wheeldrive automatic="n">4x4</wheeldrive>
        <condition accidentfree="y" mileage="240000 km">used</condition>
        <lacquer>silver</lacquer>
        <price currency="$">4000</price>
    </car>

    <car id="c7" brandId='volkswagen'>
        <model version="VII">Golf</model>
        <type doors="5" seats="5">combi</type>
        <production start="2012" country="Poland">2019</production>
        <engine>
            <cylindersNumber>4</cylindersNumber>
            <capacity>1986</capacity>
            <power>150</power>
        </engine>
        <wheeldrive automatic="n">front-wheel</wheeldrive>
        <condition accidentfree="y" mileage="10 km">new</condition>
        <lacquer>grey</lacquer>
        <price currency="$">42000</price>
    </car>

    <car id="c8" brandId='jeep'>
        <model version="III">Wrangler</model>
        <type doors="4" seats="5">SUV</type>
        <production start="2006">2015</production>
        <engine fuel="Petrol">
            <cylindersNumber>4</cylindersNumber>
            <capacity>3605</capacity>
            <power>285</power>
        </engine>
        <wheeldrive automatic="n">4x4</wheeldrive>
        <condition accidentfree="y" mileage="26559 km">used</condition>
        <lacquer>green</lacquer>
        <price currency="$">37000</price>
    </car>

    <car id="c9" brandId='renault'>
        <model>Kadjar</model>
        <type doors="5" seats="5">SUV</type>
        <production start="2007">2018</production>
        <engine fuel="Petrol">
            <cylindersNumber>2</cylindersNumber>
            <capacity>1300</capacity>
            <power>140</power>
        </engine>
        <wheeldrive automatic="n">front-wheel</wheeldrive>
        <condition accidentfree="y" mileage="10 km">new</condition>
        <lacquer>blue</lacquer>
        <price currency="$">20000</price>
    </car>

    <car id="c10" brandId='renault'>
        <model>Captur</model>
        <type doors="5" seats="5">combi</type>
        <production start="2010">2013</production>
        <engine fuel="Petrol">
            <cylindersNumber>4</cylindersNumber>
            <capacity>898</capacity>
            <power>90</power>
        </engine>
        <wheeldrive automatic="n">front-wheel</wheeldrive>
        <condition accidentfree="n" mileage="54777 km">used</condition>
        <lacquer>grey</lacquer>
        <price currency="PLN">25900</price>
    </car>

    <car id="c11" brandId='renault'>
        <model>Captur</model>
        <type doors="5" seats="5">minivan</type>
        <production start="2015">2018</production>
        <engine fuel="Petrol">
            <cylindersNumber>6</cylindersNumber>
            <capacity>1798</capacity>
            <power>225</power>
        </engine>
        <wheeldrive automatic="n">front-wheel</wheeldrive>
        <condition accidentfree="y" mileage="5 km">new</condition>
        <lacquer>violet</lacquer>
        <price currency="PLN">131700</price>
    </car>

    <car id="c12" brandId='jeep'>
        <model>Renegade</model>
        <type doors="4" seats="5">SUV</type>
        <production start="2018">2018</production>
        <engine fuel="Petrol">
            <cylindersNumber>6</cylindersNumber>
            <capacity>1000</capacity>
            <power>120</power>
        </engine>
        <wheeldrive automatic="n">front-wheel</wheeldrive>
        <condition accidentfree="y" mileage="1 km">new</condition>
        <lacquer>red</lacquer>
        <price currency="PLN">65798</price>
    </car>

    <car id="c13" brandId='jeep'>
        <model version="V">Cherokee</model>
        <type doors="5" seats="5">SUV</type>
        <production start="2014">2015</production>
        <engine fuel="Petrol">
            <cylindersNumber>4</cylindersNumber>
            <capacity>2360</capacity>
            <power>187</power>
        </engine>
        <wheeldrive automatic="y">4x4</wheeldrive>
        <condition accidentfree="y" mileage="27500 km">used</condition>
        <lacquer>golden</lacquer>
        <price currency="$">18000</price>
    </car>

    <car id="c14" brandId='subaru'>
        <model>Libero</model>
        <type doors="5" seats="5">other</type>
        <production start="1987">1995</production>
        <engine fuel="Petrol">
            <cylindersNumber>4</cylindersNumber>
            <capacity>1190</capacity>
            <power>54</power>
        </engine>
        <wheeldrive automatic="n">4x4</wheeldrive>
        <condition accidentfree="y" mileage="150000 km">used</condition>
        <lacquer>red</lacquer>
        <price currency="$">24000</price>
    </car>

    <car id="c15" brandId='landRover'>
        <model>Range Rover Evoque</model>
        <type doors="5" seats="5">SUV</type>
        <production start="2014">2017</production>
        <engine fuel="Diesel">
            <cylindersNumber>8</cylindersNumber>
            <capacity>1991</capacity>
            <power>150</power>
        </engine>
        <wheeldrive automatic="y">4x4</wheeldrive>
        <condition accidentfree="y" mileage="24900 km">used</condition>
        <lacquer>white</lacquer>
        <price currency="$">24000</price>
    </car>

    <car id="c16" brandId='landRover'>
        <model version="V">Land Rover</model>
        <type doors="5" seats="5">SUV</type>
        <production start="2017">2017</production>
        <engine>
            <cylindersNumber>6</cylindersNumber>
            <capacity>1999</capacity>
            <power>240</power>
        </engine>
        <wheeldrive automatic="n">4x4</wheeldrive>
        <condition accidentfree="y" mileage="13 km">new</condition>
        <lacquer>white</lacquer>
        <price currency="PLN">329000</price>
    </car>

    <car id="c17" brandId='subaru'>
        <model version="IV">Forester</model>
        <type doors="5" seats="5">SUV</type>
        <production start="2013">2018</production>
        <engine fuel="Petrol">
            <cylindersNumber>6</cylindersNumber>
            <capacity>1995</capacity>
            <power>150</power>
        </engine>
        <wheeldrive automatic="y">4x4</wheeldrive>
        <condition accidentfree="y" mileage="1 km">new</condition>
        <lacquer>brown</lacquer>
        <price currency="PLN">133411</price>
    </car>

    <car id="c18" brandId='landRover'>
        <model>Defender</model>
        <type doors="3" seats="4">SUV</type>
        <production start="1996">1997</production>
        <engine>
            <cylindersNumber>6</cylindersNumber>
            <capacity>2495</capacity>
            <power>120</power>
        </engine>
        <wheeldrive automatic="y">4x4</wheeldrive>
        <condition accidentfree="n" mileage="210000 km">used</condition>
        <lacquer>green</lacquer>
        <price currency="$">7000</price>
    </car>

    <car id="c19" brandId='landRover'>
        <model>Defender</model>
        <type doors="3" seats="4">SUV</type>
        <production start="2012">2016</production>
        <engine>
            <cylindersNumber>6</cylindersNumber>
            <capacity>2495</capacity>
            <power>150</power>
        </engine>
        <wheeldrive automatic="n">4x4</wheeldrive>
        <condition accidentfree="y" mileage="10 km">new</condition>
        <lacquer>yellow</lacquer>
        <price currency="$">70000</price>
    </car>

    <car id="c20" brandId='renault'>
        <model version="IV">Clio</model>
        <type doors="5" seats="5">combi</type>
        <production start="2012">2014</production>
        <engine fuel="Diesel">
            <cylindersNumber>4</cylindersNumber>
            <capacity>1200</capacity>
            <power>120</power>
        </engine>
        <wheeldrive automatic="n">front-wheel</wheeldrive>
        <condition accidentfree="n" mileage="138000 km">used</condition>
        <lacquer>white</lacquer>
        <price currency="PLN">33999</price>
    </car>

    <car id="c21" brandId='renault'>
        <model version="IV">Megane</model>
        <type doors="5" seats="5">compact</type>
        <production start="2016">2016</production>
        <engine fuel="Petrol">
            <cylindersNumber>4</cylindersNumber>
            <capacity>1200</capacity>
            <power>101</power>
        </engine>
        <wheeldrive automatic="n">front-wheel</wheeldrive>
        <condition accidentfree="y" mileage="346000 km">used</condition>
        <lacquer>white</lacquer>
        <price currency="PLN">27999</price>
    </car>

    </cars>
    <metadata>
        <comment>Programowanie komunikacji komputer-człowiek. Zadanie 1.</comment>
        <author>Jędrzej Hasiura</author>
        <author index='210332'>Patrycja Szczakowska</author>
        <modificationDate>2019-03-19</modificationDate>
    </metadata>
</carShowroom>

